{
  "project_info": {
    "project_number": "433206358619",
    "project_id": "freshfold-laundry-care",
    "storage_bucket": "freshfold-laundry-care.appspot.com"
  },
  "client": [
    {
      "client_info": {
        "mobilesdk_app_id": "1:433206358619:android:2d2d007d0d15369bf0c57e",
        "android_client_info": {
          "package_name": "com.example.freshfoldlaundrycare"
        }
      },
      "oauth_client": [],
      "api_key": [
        {
          "current_key": "AIzaSyCbxeQ38JaBRzUiQQ_7zQDgosj1TlyeK8A"
        }
      ],
      "services": {
        "appinvite_service": {
          "other_platform_oauth_client": []
        }
      }
    }
  ],
  "configuration_version": "1"
}